{
  "items": [
    {
      "type": "file",
      "title": "Index",
      "path": "Index.md"
    },
    {
      "type": "file",
      "title": "Daily Note Template",
      "path": "Daily Note Template.md"
    },
    {
      "type": "file",
      "title": "Books",
      "path": "Books.md"
    },
    {
      "type": "file",
      "title": "Projects",
      "path": "Projects.md"
    },
    {
      "type": "file",
      "title": "Meal Prep Cheatsheet",
      "path": "Meal Prep Cheatsheet.md"
    }
  ]
}