{
  "main": {
    "id": "c0ba3a4da27ee1b1",
    "type": "split",
    "children": [
      {
        "id": "3dec805394ec09b5",
        "type": "tabs",
        "children": [
          {
            "id": "3c73b62502c8e4e1",
            "type": "leaf",
            "state": {
              "type": "empty",
              "state": {}
            }
          }
        ]
      }
    ],
    "direction": "vertical"
  },
  "left": {
    "id": "fa5344df828728f9",
    "type": "split",
    "children": [
      {
        "id": "fc85443a32ce6d97",
        "type": "tabs",
        "children": [
          {
            "id": "b801f5e7679f1695",
            "type": "leaf",
            "state": {
              "type": "file-explorer",
              "state": {
                "sortOrder": "alphabetical"
              }
            }
          },
          {
            "id": "e1607d92def5d70d",
            "type": "leaf",
            "state": {
              "type": "search",
              "state": {
                "query": "",
                "matchingCase": false,
                "explainSearch": false,
                "collapseAll": false,
                "extraContext": false,
                "sortOrder": "alphabetical"
              }
            }
          },
          {
            "id": "3d75fe29161bf17f",
            "type": "leaf",
            "state": {
              "type": "starred",
              "state": {}
            }
          }
        ],
        "currentTab": 2
      }
    ],
    "direction": "horizontal",
    "width": 300
  },
  "right": {
    "id": "2b5f5cbfdddd4d68",
    "type": "split",
    "children": [
      {
        "id": "ab3914553d2d42e2",
        "type": "tabs",
        "children": [
          {
            "id": "5bd7177a3fba7082",
            "type": "leaf",
            "state": {
              "type": "backlink",
              "state": {
                "collapseAll": false,
                "extraContext": false,
                "sortOrder": "alphabetical",
                "showSearch": false,
                "searchQuery": "",
                "backlinkCollapsed": false,
                "unlinkedCollapsed": true
              }
            }
          },
          {
            "id": "056b72c6bbf72613",
            "type": "leaf",
            "state": {
              "type": "outgoing-link",
              "state": {
                "linksCollapsed": false,
                "unlinkedCollapsed": true
              }
            }
          },
          {
            "id": "93f609ec13d6d474",
            "type": "leaf",
            "state": {
              "type": "tag",
              "state": {
                "sortOrder": "frequency",
                "useHierarchy": true
              }
            }
          },
          {
            "id": "578d82e0e164b0a2",
            "type": "leaf",
            "state": {
              "type": "outline",
              "state": {}
            }
          }
        ]
      }
    ],
    "direction": "horizontal",
    "width": 300,
    "collapsed": true
  },
  "active": "3c73b62502c8e4e1",
  "lastOpenFiles": [
    "2022 New Orleans.md",
    "2022 New Orleans - Top 5 Iconic New Orleans Cocktails.md",
    "2022 New Orleans - Tips from Reddit.md",
    "2022 New Orleans - Streetcars.md",
    "2022 New Orleans - Restaurant List.md",
    "2022 New Orleans - Maps.md",
    "2022 New Orleans - Live Music Schedule.md",
    "2022 New Orleans - Itinerary.md",
    "2022 New Orleans - Image Guide.md",
    "2022 New Orleans - Food Glossary.md"
  ]
}